dimension_index,query_embedding,bike_embedding
1,0.009762701,0.09322949
2,0.043037873,0.058375914
3,0.020552674,0.03513783
4,0.008976636,-0.051022105
5,-0.01526904,-0.05670855
6,0.029178822,-0.06679043
7,-0.012482557,0.08455132
8,0.0783546,-0.041184667
9,0.09273255,-0.009381151
10,-0.023311697,-0.001208433
11,0.05834501,0.05563432
12,0.005778984,0.06884699
13,0.013608912,-0.07218546
14,0.08511933,-0.014619128
15,-0.08579279,0.06857098
16,-0.08257414,0.063606665
17,-0.09595632,-0.079517245
18,0.06652397,-0.06872333
19,0.05563135,-0.039160263
20,0.07400243,-0.084928185
21,0.095723666,-0.0150674
22,0.059831712,-0.07847646
23,-0.007704128,0.013643519
24,0.056105834,-0.050688613
25,-0.076345116,0.019286614
26,0.027984204,-0.07649487
27,-0.07132934,0.09517677
28,0.08893378,0.08651224
29,0.004369665,-0.021640612
30,-0.017067611,-0.05156428
31,-0.047088876,-0.049920358
32,0.054846738,-0.003321293
33,-0.008769933,-0.09200144
34,0.01368679,0.027941022
35,-0.09624204,-0.018339418
36,0.023527099,-0.024518685
37,0.022419145,0.061872993
38,0.023386799,0.041807093
39,0.08874962,0.09086676
40,0.03636406,-0.029612752
41,-0.02809842,0.07950855
42,-0.012593609,0.053993437
43,0.03952624,-0.028515069
44,-0.08795491,0.024333088
45,0.033353344,-0.04228601
46,0.034127574,0.07487998
47,-0.05792349,-0.07751454
48,-0.07421474,-0.05751313
49,-0.03691433,-0.06339334
50,-0.027257847,-0.0193948
51,0.014039354,0.04904659
52,-0.012279698,0.00538149
53,0.097674765,-0.002464735
54,-0.079591036,-0.099890806
55,-0.05822465,-0.014919655
56,-0.06773809,-0.087289244
57,0.030621665,-0.05834935
58,-0.04934168,0.086478785
59,-0.006737846,-0.05692036
60,-0.051114883,0.07166753
61,-0.06820609,0.060578674
62,-0.077924974,-0.068170756
63,0.03126592,0.021142391
64,-0.07236341,-0.076867625
65,-0.060683526,0.04557763
66,-0.026254965,0.027492456
67,0.06419864,0.062387712
68,-0.08057974,-0.00412309
69,0.067588985,0.082972616
70,-0.08078032,-0.09013021
71,0.09529189,-0.041422285
72,-0.00626976,0.043010518
73,0.09535222,-0.016378157
74,0.020969104,-0.06540973
75,0.047852717,-0.07855785
76,-0.092162445,0.06346782
77,-0.043438606,-0.005371404
78,-0.07596069,0.07645673
79,-0.04077196,0.046657827
80,-0.07625446,-0.01805476
81,-0.036403365,-0.025297796
82,-0.017147401,0.003127669
83,-0.087170504,0.07781199
84,0.038494423,0.047455717
85,0.013320291,-0.09896941
86,-0.046922103,0.03883157
87,0.004649611,0.08390148
88,-0.081211895,0.042091154
89,0.015189299,-0.06459884
90,0.08585924,-0.003296375
91,-0.03628621,-0.07193679
92,0.033482075,-0.028200945
93,-0.07364043,0.08742341
94,0.04326544,0.08466106
95,-0.04211878,-0.04343263
96,-0.06336173,-0.032073792
97,0.017302588,0.020042574
98,-0.09597849,0.09263946
99,0.06578801,-0.07043973
100,-0.09906091,-0.04861667
101,0.03556331,0.07471137
102,-0.045998406,-0.001621554
103,0.047038805,0.07979222
104,0.09243771,-0.06289642
105,-0.05024937,0.006533717
106,0.015231467,-0.034746073
107,0.018408386,-0.036691487
108,0.014450382,-0.010624607
109,-0.055383675,-0.01338451
110,0.090549804,-0.028530624
111,-0.010574924,0.082994156
112,0.069281735,0.046348836
113,0.039895855,0.045509398
114,-0.04051261,-0.04201731
115,0.06275956,0.015541885
116,-0.020698851,0.055835888
117,0.07622064,0.059118073
118,0.016254574,-0.031093908
119,0.076347075,0.05417455
120,0.038506318,0.04717878
121,0.045050856,-0.0716987
122,0.000264876,0.073189095
123,0.09121673,-0.011735706
124,0.02879804,-0.00271791
125,-0.01522899,-0.010326164
126,0.021278642,0.0135692
127,-0.09616136,0.02423385
128,-0.039685037,-0.000364087
129,0.032034706,0.07335771
130,-0.04198448,0.025546951
131,0.023603085,-0.01971441
132,-0.01424626,-0.016661648
133,-0.07290519,0.062167723
134,-0.040343534,-0.030361611
135,0.013992982,-0.057709042
136,0.018174551,-0.08812336
137,0.01486505,0.07520537
138,0.030640164,0.08370929
139,0.030420654,-0.07597596
140,-0.013716313,-0.03310525
141,0.07930932,-0.06492559
142,-0.026487626,-0.07682031
143,-0.012827015,0.07997335
144,0.07838467,-0.08862455
145,0.0612388,0.096097134
146,0.040777717,-0.08070983
147,-0.079954624,0.07269413
148,0.083896525,0.013301222
149,0.04284826,-0.026416503
150,0.0997694,-0.031531524
151,-0.070110336,0.051472828
152,0.073625214,-0.03708534
153,-0.06750141,0.031463783
154,0.023111913,0.003465217
155,-0.075236,-0.003006871
156,0.06960165,0.080232434
157,0.061463792,0.010929012
158,0.013820148,0.06537232
159,-0.018563341,0.045114707
160,-0.0861666,-0.09228855
161,0.039485756,0.05462201
162,-0.009291464,-0.05662595
163,0.04441112,0.08062993
164,0.07327647,-0.09141516
165,0.0951043,-0.033385593
166,0.07116067,-0.08005341
167,-0.09765718,-0.004882176
168,-0.028004387,0.06400449
169,0.04599811,-0.04036253
170,-0.06567407,-0.06981302
171,0.004207321,-0.033946592
172,-0.089132406,0.06277603
173,-0.060000695,-0.07192321
174,-0.09629564,-0.05452751
175,0.05873954,-0.08622961
176,-0.05521506,0.04114201
177,-0.030929664,-0.020953352
178,0.08561626,-0.037832003
179,0.04088288,0.04372528
180,-0.093632214,-0.032804493
181,-0.06706117,0.045554254
182,0.02429568,0.06303988
183,0.015445718,-0.056467433
184,-0.052421436,0.09476374
185,0.0868428,-0.06752841
186,0.02279319,-0.041831817
187,0.00712656,-0.064040944
188,0.017981995,-0.030898869
189,0.046024404,-0.003987822
190,-0.037611,0.004435174
191,-0.020355787,0.07072121
192,-0.05803125,0.077889584
193,-0.062761396,-0.05597923
194,0.08887448,0.024578806
195,0.047910158,-0.07770079
196,-0.001908238,-0.008206028
197,-0.054517075,-0.035533294
198,-0.049128704,-0.03669985
199,-0.088394165,-0.003483152
200,-0.013116675,0.045965526
201,-0.037640825,-0.08616347
202,0.0392687,0.07583467
203,-0.024449632,0.046962757
204,-0.06407926,-0.06470012
205,-0.09506425,0.08783218
206,-0.08655007,0.001262445
207,0.035878554,0.09996171
208,-0.009260631,-0.060548104
209,0.007315842,0.00698164
210,0.07933426,-0.04195039
211,0.09806779,-0.03916529
212,-0.0566206,0.018213077
213,0.03261564,0.08434381
214,-0.047335524,0.06105277
215,-0.0958698,0.04478828
216,0.05167573,0.011834757
217,-0.03599657,0.0844597
218,-0.023307221,-0.001527719
219,0.017663423,0.074766435
220,0.06620969,0.066796325
221,0.025796369,-0.05723293
222,0.07453013,0.054245092
223,-0.04529159,-0.09756577
224,0.05960937,-0.035434093
225,-0.06287281,-0.05408651
226,0.09055833,0.001372592
227,0.037497655,0.04737063
228,-0.056898464,-0.08046473
229,0.08947412,0.00298444
230,0.046171162,0.0876824
231,-0.04921167,-0.05427069
232,-0.057337604,0.03542823
233,0.003640143,0.018576054
234,-0.09486745,-0.097987264
235,-0.058505986,-0.004834761
236,-0.015062906,0.041754078
237,-0.025166003,-0.09120491
238,-0.007284915,0.075904295
239,-0.04447426,0.004016283
240,0.017356869,-0.09386779
241,0.072771125,-0.05511728
242,-0.07649363,0.09073514
243,0.003475821,0.016463947
244,-0.07358638,-0.078505486
245,0.043371934,-0.0424911
246,-0.020788059,-0.008659275
247,0.013084263,-0.09580999
248,-0.06334403,-0.017676897
249,-0.071030445,-0.002108273
250,-0.002388744,-0.051264424
251,-0.028877452,0.0177278
252,0.08808639,0.050648022
253,0.05306505,-0.052833155
254,0.049732722,0.02409998
255,0.080743946,0.027924448
256,-0.083315514,0.08970806
257,0.010438494,0.055655234
258,0.016895214,0.06966905
259,0.092387274,-0.001916018
260,-0.041570496,-0.062930286
261,-0.051834244,0.099163055
262,-0.07994121,-0.07412885
263,-0.09671407,-0.005708536
264,0.085905865,-0.08638138
265,0.03398331,0.08877017
266,0.05703058,0.09298499
267,-0.04365398,0.043877814
268,0.017282033,-0.030001432
269,-0.08720895,-0.04912352
270,-0.002874481,-0.046939336
271,0.09549903,-0.074541196
272,0.07530105,0.005161791
273,-0.03236821,-0.07163654
274,0.09231403,-0.036653865
275,-0.053659674,0.025341295
276,0.08986376,0.045508724
277,0.088275544,-0.09514546
278,0.05984052,-0.013976803
279,0.026089588,0.030424919
280,0.07485759,0.07064919
281,-0.041395944,-0.004935043
282,0.06978871,0.09384117
283,0.023575338,-0.04687349
284,-0.09735263,-0.09729826
285,-0.030553296,-0.003249427
286,-0.07037183,-0.04877724
287,0.09636588,0.064743534
288,-0.004325938,-0.053445466
289,-0.000521727,-0.037874155
290,0.027894503,0.058245488
291,-0.026283078,0.04302865
292,-0.072619945,0.011610247
293,0.064423546,0.04098961
294,-0.062030416,-0.016272627
295,0.002263797,-0.09893799
296,-0.055136595,-0.097728975
297,-0.0804311,0.002244358
298,0.07243831,-0.08334181
299,0.0945839,-0.089784905
300,0.09216693,0.09310333
301,0.0813111,0.07180053
302,0.054809466,-0.069594555
303,-0.033370968,-0.09986716
304,-0.08377972,0.08833356
305,-0.018551765,-0.04433494
306,-0.05355317,-0.06282048
307,-0.07350247,0.03830162
308,-0.089314565,-0.07821925
309,0.045118872,-0.04707008
310,-0.097714506,0.09501894
311,0.05411615,0.027892554
312,-0.07061067,0.004135558
313,-0.08409558,-0.020416277
314,-0.082079396,0.05490019
315,0.03440956,-0.0718085
316,-0.05092656,0.09346756
317,-0.015892107,0.0722246
318,0.011473758,0.023531396
319,0.072110236,-0.091418765
320,0.045408852,0.04017113
321,-0.04593442,0.08265687
322,-0.07370344,0.004915413
323,-0.08892514,-0.029155036
324,-0.039680272,-0.07594453
325,-0.04757637,0.05098022
326,-0.008771887,0.07700437
327,0.036656268,-0.079949655
328,0.03912509,0.05179691
329,-0.04329623,-0.096587904
330,-0.024014609,0.09341098
331,-0.06376981,0.023011604
332,0.0577091,0.010487812
333,-0.088630386,-0.040810034
334,0.03939945,0.08585834
335,0.05573908,-0.046818875
336,0.055481512,0.065629326
337,-0.04811549,0.097021736
338,-0.025237372,0.05667933
339,0.017519927,0.003797984
340,-0.04543562,-0.086785145
341,-0.02582944,-0.005517242
342,-0.060589142,-0.01234881
343,-0.008028823,-0.05944079
344,-0.09107754,-0.015282473
345,0.059959177,-0.028448423
346,-0.08460871,-0.06726315
347,0.00376703,-0.011725172
348,-0.03863798,-0.047440007
349,0.015508589,0.004412484
350,0.09188667,-0.09296799
351,0.029114049,0.08124629
352,-0.092927516,0.06327286
353,-0.013919512,0.010516266
354,0.002003371,0.07036172
355,0.007235499,0.09247901
356,0.0362785,-0.077895544
357,-0.044480782,0.02616636
358,-0.074227884,0.0995988
359,-0.021464864,0.09757783
360,0.091281146,0.020664599
361,-0.06257382,-0.07439583
362,0.08079679,0.016638566
363,0.00876119,-0.099587075
364,-0.008617716,-0.060217734
365,0.07640828,0.09122463
366,-0.008279208,-0.033911884
367,0.044833526,0.02767802
368,-0.020194937,-0.0438281
369,0.08080888,0.089564376
370,0.038005006,0.045711745
371,0.03992441,-0.03406977
372,-0.03445592,0.058352284
373,0.051355727,-0.0783669
374,0.027212212,-0.021536212
375,-0.051995944,-0.055756375
376,-0.06789224,0.03674529
377,0.059278294,-0.07951074
378,0.09183332,-0.020594833
379,-0.008372234,-0.044670053
380,0.018196832,0.001268584
381,0.07154453,-0.030020464
382,-0.008555309,0.041282117
383,0.090374894,-0.09508459
384,0.015150232,0.026797384
385,0.064153425,-0.053885743
386,0.08176874,-0.046258193
387,0.06310476,0.06005112
388,-0.068117104,0.09111368
389,0.025779689,-0.03668996
390,-0.020313147,0.06536105
391,-0.08745741,-0.07920183
392,-0.01519355,0.02679633
393,-0.04826319,0.05020646
394,0.06980766,-0.06880441
395,-0.09333908,-0.014799522
396,0.09179655,0.078541435
397,-0.028926231,-0.07928431
398,-0.028658621,-0.096380726
399,-0.0967343,0.018117076
400,-0.06295353,-0.012893692
401,-0.0197481,0.05973785
402,0.085858285,0.08469111
403,-0.080077015,-0.040169273
404,0.08906031,-0.022319177
405,0.073897704,-0.002745583
406,-0.00916752,0.017630292
407,-0.034659825,0.09677076
408,-0.053451173,0.03946605
409,0.02289294,-0.022090299
410,-0.09338508,-0.047246464
411,-0.09687879,0.088925146
412,-0.014240855,-0.07289031
413,-0.08638518,0.04405317
414,-0.049611803,0.08507901
415,-0.055767816,0.032933116
416,-0.04936176,-0.015389112
417,-0.073788956,-0.060201813
418,-0.097592756,-0.026504936
419,-0.07690314,0.041374363
420,0.023696052,0.029906845
421,0.09485124,0.085595235
422,0.098069,0.073372185
423,-0.01818918,0.06323015
424,-0.06740911,0.08229017
425,0.027752351,-0.04473257
426,-0.001938931,-0.026095292
427,0.09788196,-0.02402122
428,-0.086939156,0.012090118
429,0.056646887,0.033643644
430,-0.0423203,-0.042656664
431,-0.051716276,-0.096107505
432,0.032500915,-0.020155523
433,-0.050787363,-0.03829441
434,0.033171825,0.088436946
435,0.003461703,0.077653006
436,-0.015182203,0.072062135
437,0.010937561,0.030599952
438,-0.042589694,-0.031142168
439,0.04131494,0.009769853
440,-0.017028626,0.06304501
441,-0.027890887,-0.08027793
442,0.065731384,0.060214978
443,0.084993385,-0.09176404
444,-0.090798534,0.0632842
445,-0.0534746,0.06151276
446,-0.030296126,-0.08979854
447,0.062993295,0.025432141
448,0.09709828,0.000490615
449,0.09379434,-0.0660361
450,0.08098967,-0.07032421
451,-0.040688746,0.054651827
452,0.09840225,0.01353855
453,-0.05011599,0.096599825
454,-0.07881877,0.096449554
455,0.09019052,0.0985334
456,-0.05331595,-0.0762769
457,0.037953652,0.08765123
458,-0.08832873,-0.05108608
459,0.04614182,-0.008357548
460,0.07634404,0.05148131
461,-0.04551262,-0.059275813
462,-0.024188621,0.013262321
463,-0.025140764,-0.06283665
464,0.049757652,-0.079052776
465,-0.05243855,-0.076688275
466,-0.06562938,-0.028472193
467,-0.010141671,-0.09906903
468,-0.039106317,-0.015029216
469,0.06783783,0.03283942
470,-0.052451637,-0.019662363
471,0.000477892,-0.08284108
472,0.08851672,-0.087462224
473,0.02679954,-0.044376697
474,0.07345788,-0.06613746
475,0.08804194,0.093018994
476,0.050152972,-0.06975395
477,0.03991501,0.06109249
478,0.09359311,0.017221589
479,0.09888016,0.013857384
480,-0.009635664,0.002416143
481,-0.08582605,0.09435262
482,-0.041441195,-0.027231045
483,-0.06952906,0.05758315
484,-0.016502725,0.011058821
485,-0.07374214,-0.020873267
486,0.02082356,0.09109319
487,-0.023438388,0.019663194
488,0.07907718,-0.07621661
489,0.09355894,-0.01649216
490,0.00937698,0.056316346
491,-0.045035288,0.038749404
492,0.018446084,0.08326807
493,0.07935223,-0.048124522
494,-0.018653331,0.051638745
495,0.010415656,-0.008024959
496,-0.045669448,0.01472195
497,-0.00891117,0.091009334
498,-0.019657293,0.09585726
499,-0.050317306,0.0723182
500,0.001173277,-0.028180582
501,-0.037923835,0.07754017
502,-0.025393028,0.027721835
503,0.004994088,-0.014000644
504,0.050119005,-0.09285146
505,-0.033298507,0.054025624
506,0.08483175,0.000421116
507,0.072463706,0.0572377
508,-0.09026194,0.04960456
509,-0.049271494,0.058713473
510,-0.010772898,-0.039869767
511,-0.07907442,0.06015972
512,-0.030304803,0.009769266
513,0.048019506,-0.00533476
514,0.036102895,0.035025183
515,0.024476886,-0.09572826
516,0.042105682,-0.07953664
517,-0.059015263,-0.041564528
518,-0.031660378,0.09659802
519,0.035248496,-0.07205085
520,0.075846955,-0.03388074
521,0.008735611,-0.08978939
522,-0.04346007,-0.033746224
523,-0.09395295,-0.035934743
524,0.042067368,0.08936144
525,-0.09842318,0.069030814
526,-0.025464186,-0.023447156
527,0.006107443,-0.095046185
528,0.08442229,0.066206224
529,-0.08210109,0.032107234
530,-0.018811535,-0.069527104
531,-0.09513736,0.099214256
532,-0.0314778,-0.07995331
533,0.024446212,0.07342291
534,-0.04418641,-0.041146766
535,-0.05805001,-0.012929306
536,-0.076859355,0.059091303
537,0.015428049,0.03550167
538,0.039054003,0.08757287
539,0.03439143,0.024228064
540,0.0897722,-0.080437966
541,-0.09945936,0.07687207
542,0.02943933,0.053831104
543,0.020078447,0.04237409
544,0.017747922,-0.08925329
545,0.09255406,-0.020755451
546,-0.09662566,-0.06651284
547,0.039296485,0.06438078
548,0.06273573,0.040105723
549,0.001961439,0.07661552
550,-0.033207025,0.09331502
551,0.05816803,0.054949522
552,-0.080551416,0.098846614
553,-0.011592872,0.022953978
554,0.003990475,-0.09257408
555,0.038791284,-0.0971497
556,-0.08182286,-0.031579226
557,-0.054448098,0.064694345
558,-0.017939687,0.07322694
559,0.024658935,0.092162505
560,0.07739215,-0.08697571
561,0.023765234,-0.09108578
562,-0.07330771,0.08265672
563,0.09611603,-0.03899066
564,0.074357145,0.01159748
565,0.000544152,0.096488975
566,0.084469594,-0.019910293
567,0.008276159,0.03317428
568,0.084661216,-0.019824088
569,0.06597947,0.05363893
570,0.093657285,0.005542945
571,0.08395656,-0.05249537
572,-0.09279323,-0.04573878
573,-0.0650456,-0.048388157
574,-0.022173064,0.006464066
575,0.09042854,0.040637802
576,-0.039994217,0.08985598
577,-0.06790647,0.038817476
578,0.077260934,0.05623857
579,-0.010721117,-0.06621478
580,0.08157512,-0.025187476
581,-0.06795391,-0.017243955
582,0.032223504,0.037276044
583,-0.011947249,-0.040821604
584,-0.08470265,-0.039341617
585,0.03929263,-0.028822169
586,-0.05052025,0.062060416
587,-0.0920769,0.015518018
588,-0.08801114,-0.084944546
589,-0.08778429,-0.08435078
590,0.08154659,-0.02574261
591,0.047976784,0.05331821
592,0.07961247,0.037736684
593,0.03451646,0.041596472
594,0.005787986,0.053442013
595,-0.039110728,-0.04256946
596,0.09959245,0.009651257
597,-0.027562188,0.008670528
598,-0.00587021,0.0479265
599,-0.024350965,0.091374114
600,0.095905386,-0.04440201
601,-0.06506832,0.058656335
602,-0.0344024,0.031994108
603,0.036069732,0.016047575
604,-0.087358475,0.054975957
605,0.021449875,0.088806495
606,-0.0044707,-0.092661716
607,-0.043200005,-0.07051998
608,-0.052317344,0.051257446
609,0.002902549,-0.08324173
610,-0.026414484,0.00322474
611,-0.008696022,-0.056027845
612,-0.032504525,-0.04514086
613,0.09409874,0.040368095
614,-0.07331211,-0.09396145
615,-0.080639206,0.074663885
616,-0.031321656,-0.011104209
617,0.01820538,0.000478659
618,0.031835295,0.008009593
619,-0.020548651,0.02910886
620,0.0998556,-0.031028682
621,-0.0296214,-0.0797785
622,0.044281334,-0.036324214
623,0.027516538,-0.066371575
624,0.062610775,0.011226635
625,0.09524513,-0.036394272
626,0.07795873,0.091613434
627,0.052912395,0.09314685
628,0.039649695,0.024025176
629,-0.032900367,0.023499453
630,-0.07046288,0.097075716
631,-0.0874728,0.07745663
632,-0.05161966,0.05301399
633,-0.013543704,-0.03728188
634,0.004399255,-0.026892195
635,0.054616712,-0.059746645
636,0.091748185,-0.002570375
637,-0.0765359,0.098073706
638,-0.07859917,0.08243019
639,0.017938945,-0.07633011
640,0.049079616,-0.09496194
641,0.06963008,0.07972753
642,0.08716641,0.007434025
643,0.096685246,-0.059962023
644,-0.02003966,0.034730654
645,-0.023932964,0.028844636
646,-0.070438266,-0.07558288
647,0.036986887,-0.048079953
648,0.031352393,-0.087984405
649,0.07241252,-0.058027904
650,-0.0805484,-0.07353886
651,-0.000444618,-0.06135274
652,0.016216386,0.03709343
653,-0.051688593,-0.09010005
654,-0.06619492,-0.07962908
655,0.07191617,-0.073165275
656,-0.088293016,-0.036691777
657,-0.005875819,-0.040249936
658,-0.0768332,-0.048987243
659,-0.008588248,0.05010733
660,0.09599247,0.099604554
661,-0.015258729,0.006795585
662,0.07142498,0.088840544
663,-0.07653689,-0.020677978
664,-0.045749586,-0.07866351
665,-0.019241452,-0.018245233
666,-0.020037573,-0.040774446
667,0.034276694,-0.001318608
668,-0.031056374,0.031408735
669,0.042753372,-0.007789956
670,0.02783738,0.0870321
671,-0.020167772,0.076952964
672,-0.013647975,0.04039552
673,0.02290554,-0.002063018
674,-0.08599156,-0.07366254
675,0.06448135,-0.020597266
676,0.030684233,0.040880308
677,0.045268495,-0.043022897
678,0.0073846,-0.079202384
679,-0.077904575,0.08157969
680,-0.018992877,0.041810162
681,-0.018925283,0.023055285
682,-0.0357914,0.05849978
683,-0.094009936,0.06712921
684,0.047450848,-0.0033082
685,-0.07804311,0.07623765
686,0.021261627,0.083283804
687,0.0406435,-0.04568978
688,0.026957264,0.021509072
689,0.09182845,0.005316806
690,-0.07934037,0.007589156
691,0.07343343,0.08753262
692,-0.09416195,-0.03896226
693,0.006983371,0.096686795
694,-0.019151276,0.080426246
695,0.004836772,-0.008255422
696,-0.026980024,0.06349065
697,-0.061886616,0.0538094
698,-0.09617542,0.035578992
699,0.003629963,-0.03603322
700,0.06855537,-0.0607098
701,-0.025356809,0.03430554
702,-0.055427235,0.06859466
703,-0.0838936,-0.09674944
704,-0.082937814,0.028560676
705,-0.05572071,-0.011425396
706,-0.07999719,0.07961755
707,-0.04699206,-0.035705414
708,-0.08677011,-0.005163038
709,-0.08687903,0.002953421
710,0.07125524,-0.071912095
711,-0.06757595,0.04257846
712,0.011936481,0.06609527
713,0.05469111,-0.08841814
714,-0.008718087,-0.041722234
715,-0.06932622,-0.092391066
716,-0.06008077,0.09130882
717,-0.013403159,0.033433765
718,0.005646818,0.09284008
719,-0.030111942,0.006298856
720,0.05629592,0.060413703
721,0.05020433,-0.025117204
722,0.085442364,-0.029236194
723,-0.09420949,-0.024346437
724,0.07913826,0.031572428
725,-0.021486243,-0.02810937
726,0.0756745,0.08007349
727,0.038156956,0.096654974
728,0.097469755,-0.093914695
729,0.05185649,-0.06127534
730,-0.027091075,-0.07755
731,0.000212635,-0.091527194
732,-0.024722168,-0.0544518
733,-0.027017632,-0.010641336
734,-0.0478191,0.06739807
735,-0.000805941,-0.055635195
736,0.03634799,-0.001210949
737,-0.044531945,0.085923746
738,0.004875962,0.03344294
739,-0.076523945,0.059615806
740,-0.068030946,0.010198794
741,-0.09063873,0.09609329
742,0.09414629,0.01773243
743,-0.09922793,-0.09089786
744,-0.064284004,-0.06040344
745,0.02257335,-0.019045275
746,-0.08372608,0.020255435
747,0.0763793,0.054386172
748,0.04392403,-0.017382775
749,0.09327799,0.04201166
750,0.001527109,0.0579739
751,-0.039919265,-0.03654796
752,0.009900115,0.09585405
753,0.086163744,0.0299313
754,0.004152287,0.07619961
755,-0.046558592,0.011187538
756,0.07547976,0.04832062
757,-0.025616251,0.054108813
758,-0.09972333,0.081649676
759,-0.050462995,-0.06993005
760,-0.036353298,0.011656685
761,0.07175549,-0.014324297
762,-0.008299367,0.0846318
763,-0.011082542,-0.078981064
764,-0.03277955,0.09651478
765,0.07613563,0.07509027
766,0.08900536,-0.08523475
767,0.09837806,-0.001806723
768,-0.024651747,0.0435119